{
    "frigo": [
        {
            "identifiant": "F001",
            "marque": "Electrolux",
            "reference": "RT708",
            "numero_serie": "SN46984",
            "date_arrivee": "2025-05-22",
            "statut": "En attente",
            "specifique": 4.1,
            "cellule": "C",
            "emplacement": 2,
            "position": "B"
        },
        {
            "identifiant": "F002",
            "marque": "Samsung",
            "reference": "RT507",
            "numero_serie": "SN20904",
            "date_arrivee": "2025-05-19",
            "statut": "En attente",
            "specifique": 7.2,
            "cellule": "E",
            "emplacement": 5,
            "position": "B"
        },
        {
            "identifiant": "F003",
            "marque": "Haier",
            "reference": "RT128",
            "numero_serie": "SN82136",
            "date_arrivee": "2025-05-20",
            "statut": "En attente",
            "specifique": 4.8,
            "cellule": "B",
            "emplacement": 1,
            "position": "A"
        },
        {
            "identifiant": "F004",
            "marque": "Beko",
            "reference": "RT315",
            "numero_serie": "SN51233",
            "date_arrivee": "2025-05-09",
            "statut": "Prêt à livrer",
            "specifique": 6.8,
            "cellule": "G",
            "emplacement": 5,
            "position": "A"
        },
        {
            "identifiant": "F005",
            "marque": "Electrolux",
            "reference": "RT296",
            "numero_serie": "SN30080",
            "date_arrivee": "2025-05-15",
            "statut": "Prêt à livrer",
            "specifique": 5.5,
            "cellule": "I",
            "emplacement": 1,
            "position": "A"
        },
        {
            "identifiant": "F006",
            "marque": "Whirlpool",
            "reference": "RT505",
            "numero_serie": "SN93341",
            "date_arrivee": "2025-05-20",
            "statut": "Prêt à livrer",
            "specifique": 5.2,
            "cellule": "E",
            "emplacement": 3,
            "position": "B"
        },
        {
            "identifiant": "F007",
            "marque": "Haier",
            "reference": "RT601",
            "numero_serie": "SN65297",
            "date_arrivee": "2025-05-16",
            "statut": "A Nettoyer",
            "specifique": 6.4,
            "cellule": "A",
            "emplacement": 2,
            "position": "A"
        },
        {
            "identifiant": "F008",
            "marque": "Whirlpool",
            "reference": "RT456",
            "numero_serie": "SN65713",
            "date_arrivee": "2025-05-03",
            "statut": "Réparé",
            "specifique": 7.5,
            "cellule": "H",
            "emplacement": 5,
            "position": "A"
        },
        {
            "identifiant": "F009",
            "marque": "Indesit",
            "reference": "RT267",
            "numero_serie": "SN19940",
            "date_arrivee": "2025-05-20",
            "statut": "Prêt à livrer",
            "specifique": 2.6,
            "cellule": "N",
            "emplacement": 4,
            "position": "A"
        },
        {
            "identifiant": "F010",
            "marque": "Samsung",
            "reference": "RT177",
            "numero_serie": "SN21408",
            "date_arrivee": "2025-05-04",
            "statut": "En test",
            "specifique": 5.0,
            "cellule": "E",
            "emplacement": 9,
            "position": "A"
        },
        {
            "identifiant": "F011",
            "marque": "Whirlpool",
            "reference": "RT715",
            "numero_serie": "SN48339",
            "date_arrivee": "2025-05-20",
            "statut": "Prêt à livrer",
            "specifique": 4.7,
            "cellule": "D",
            "emplacement": 1,
            "position": "A"
        },
        {
            "identifiant": "F012",
            "marque": "Indesit",
            "reference": "RT726",
            "numero_serie": "SN29807",
            "date_arrivee": "2025-05-01",
            "statut": "Prêt à livrer",
            "specifique": 7.2,
            "cellule": "H",
            "emplacement": 8,
            "position": "B"
        },
        {
            "identifiant": "F013",
            "marque": "Candy",
            "reference": "RT855",
            "numero_serie": "SN14927",
            "date_arrivee": "2025-05-18",
            "statut": "En test",
            "specifique": 6.7,
            "cellule": "P",
            "emplacement": 2,
            "position": "B"
        },
        {
            "identifiant": "F014",
            "marque": "Siemens",
            "reference": "RT212",
            "numero_serie": "SN72063",
            "date_arrivee": "2025-05-02",
            "statut": "Réparé",
            "specifique": 2.1,
            "cellule": "Q",
            "emplacement": 6,
            "position": "B"
        },
        {
            "identifiant": "F015",
            "marque": "Whirlpool",
            "reference": "RT297",
            "numero_serie": "SN90516",
            "date_arrivee": "2025-05-01",
            "statut": "En test",
            "specifique": 7.4,
            "cellule": "K",
            "emplacement": 2,
            "position": "A"
        },
        {
            "identifiant": "F016",
            "marque": "Electrolux",
            "reference": "RT336",
            "numero_serie": "SN28780",
            "date_arrivee": "2025-05-15",
            "statut": "A Nettoyer",
            "specifique": 3.3,
            "cellule": "B",
            "emplacement": 1,
            "position": "B"
        },
        {
            "identifiant": "F017",
            "marque": "Bosch",
            "reference": "RT221",
            "numero_serie": "SN88903",
            "date_arrivee": "2025-05-10",
            "statut": "A Nettoyer",
            "specifique": 7.5,
            "cellule": "E",
            "emplacement": 4,
            "position": "A"
        },
        {
            "identifiant": "F018",
            "marque": "Whirlpool",
            "reference": "RT304",
            "numero_serie": "SN88321",
            "date_arrivee": "2025-05-17",
            "statut": "En attente",
            "specifique": 5.9,
            "cellule": "A",
            "emplacement": 6,
            "position": "B"
        },
        {
            "identifiant": "F019",
            "marque": "Candy",
            "reference": "RT881",
            "numero_serie": "SN90797",
            "date_arrivee": "2025-05-25",
            "statut": "En attente",
            "specifique": 7.8,
            "cellule": "G",
            "emplacement": 6,
            "position": "A"
        },
        {
            "identifiant": "F020",
            "marque": "Samsung",
            "reference": "RT607",
            "numero_serie": "SN40862",
            "date_arrivee": "2025-05-14",
            "statut": "Prêt à livrer",
            "specifique": 4.6,
            "cellule": "M",
            "emplacement": 4,
            "position": "A"
        },
        {
            "identifiant": "F021",
            "marque": "Indesit",
            "reference": "RT801",
            "numero_serie": "SN89098",
            "date_arrivee": "2025-05-17",
            "statut": "Prêt à livrer",
            "specifique": 3.8,
            "cellule": "H",
            "emplacement": 6,
            "position": "A"
        },
        {
            "identifiant": "F022",
            "marque": "Indesit",
            "reference": "RT917",
            "numero_serie": "SN59361",
            "date_arrivee": "2025-05-07",
            "statut": "En attente",
            "specifique": 7.0,
            "cellule": "B",
            "emplacement": 5,
            "position": "A"
        },
        {
            "identifiant": "F023",
            "marque": "Indesit",
            "reference": "RT992",
            "numero_serie": "SN39945",
            "date_arrivee": "2025-05-14",
            "statut": "Réparé",
            "specifique": 2.6,
            "cellule": "E",
            "emplacement": 3,
            "position": "A"
        },
        {
            "identifiant": "F024",
            "marque": "Electrolux",
            "reference": "RT990",
            "numero_serie": "SN19248",
            "date_arrivee": "2025-05-08",
            "statut": "A Nettoyer",
            "specifique": 3.3,
            "cellule": "B",
            "emplacement": 2,
            "position": "B"
        },
        {
            "identifiant": "F025",
            "marque": "Bosch",
            "reference": "RT630",
            "numero_serie": "SN72131",
            "date_arrivee": "2025-05-04",
            "statut": "En test",
            "specifique": 2.1,
            "cellule": "M",
            "emplacement": 6,
            "position": "B"
        },
        {
            "identifiant": "F026",
            "marque": "Electrolux",
            "reference": "RT814",
            "numero_serie": "SN76656",
            "date_arrivee": "2025-05-26",
            "statut": "A Nettoyer",
            "specifique": 6.5,
            "cellule": "M",
            "emplacement": 6,
            "position": "A"
        },
        {
            "identifiant": "F027",
            "marque": "LG",
            "reference": "RT355",
            "numero_serie": "SN24802",
            "date_arrivee": "2025-04-29",
            "statut": "En test",
            "specifique": 7.4,
            "cellule": "G",
            "emplacement": 4,
            "position": "A"
        },
        {
            "identifiant": "F028",
            "marque": "Indesit",
            "reference": "RT867",
            "numero_serie": "SN49005",
            "date_arrivee": "2025-05-14",
            "statut": "En attente",
            "specifique": 5.1,
            "cellule": "L",
            "emplacement": 5,
            "position": "A"
        },
        {
            "identifiant": "F029",
            "marque": "Candy",
            "reference": "RT651",
            "numero_serie": "SN93842",
            "date_arrivee": "2025-05-03",
            "statut": "A Nettoyer",
            "specifique": 6.0,
            "cellule": "H",
            "emplacement": 3,
            "position": "A"
        },
        {
            "identifiant": "F030",
            "marque": "Whirlpool",
            "reference": "RT530",
            "numero_serie": "SN81463",
            "date_arrivee": "2025-05-11",
            "statut": "En attente",
            "specifique": 5.3,
            "cellule": "F",
            "emplacement": 4,
            "position": "B"
        },
        {
            "identifiant": "F031",
            "marque": "Candy",
            "reference": "RT446",
            "numero_serie": "SN31881",
            "date_arrivee": "2025-04-30",
            "statut": "En attente",
            "specifique": 5.8,
            "cellule": "R",
            "emplacement": 4,
            "position": "B"
        },
        {
            "identifiant": "F032",
            "marque": "LG",
            "reference": "RT818",
            "numero_serie": "SN96787",
            "date_arrivee": "2025-05-08",
            "statut": "Réparé",
            "specifique": 2.1,
            "cellule": "P",
            "emplacement": 3,
            "position": "B"
        },
        {
            "identifiant": "F033",
            "marque": "LG",
            "reference": "RT991",
            "numero_serie": "SN92976",
            "date_arrivee": "2025-05-18",
            "statut": "Prêt à livrer",
            "specifique": 2.9,
            "cellule": "Q",
            "emplacement": 2,
            "position": "A"
        },
        {
            "identifiant": "F034",
            "marque": "Bosch",
            "reference": "RT781",
            "numero_serie": "SN44213",
            "date_arrivee": "2025-05-18",
            "statut": "En test",
            "specifique": 4.3,
            "cellule": "G",
            "emplacement": 3,
            "position": "B"
        },
        {
            "identifiant": "F035",
            "marque": "Whirlpool",
            "reference": "RT448",
            "numero_serie": "SN58754",
            "date_arrivee": "2025-05-10",
            "statut": "Réparé",
            "specifique": 7.1,
            "cellule": "A",
            "emplacement": 7,
            "position": "A"
        },
        {
            "identifiant": "F036",
            "marque": "Electrolux",
            "reference": "RT277",
            "numero_serie": "SN68768",
            "date_arrivee": "2025-05-04",
            "statut": "En test",
            "specifique": 3.3,
            "cellule": "D",
            "emplacement": 6,
            "position": "A"
        },
        {
            "identifiant": "F037",
            "marque": "LG",
            "reference": "RT980",
            "numero_serie": "SN24105",
            "date_arrivee": "2025-05-16",
            "statut": "En réparation",
            "specifique": 5.0,
            "cellule": "N",
            "emplacement": 2,
            "position": "A"
        },
        {
            "identifiant": "F038",
            "marque": "Beko",
            "reference": "RT333",
            "numero_serie": "SN40795",
            "date_arrivee": "2025-05-21",
            "statut": "En réparation",
            "specifique": 6.9,
            "cellule": "P",
            "emplacement": 1,
            "position": "B"
        },
        {
            "identifiant": "F039",
            "marque": "Whirlpool",
            "reference": "RT254",
            "numero_serie": "SN72105",
            "date_arrivee": "2025-05-06",
            "statut": "En attente",
            "specifique": 2.6,
            "cellule": "F",
            "emplacement": 7,
            "position": "B"
        },
        {
            "identifiant": "F040",
            "marque": "LG",
            "reference": "RT294",
            "numero_serie": "SN26718",
            "date_arrivee": "2025-05-26",
            "statut": "Réparé",
            "specifique": 7.8,
            "cellule": "R",
            "emplacement": 1,
            "position": "B"
        }
    ],
    "four": [
        {
            "identifiant": "O001",
            "marque": "Indesit",
            "reference": "OV255",
            "numero_serie": "SN45667",
            "date_arrivee": "2025-04-28",
            "statut": "En réparation",
            "specifique": 246,
            "cellule": "R",
            "emplacement": 9,
            "position": "B"
        },
        {
            "identifiant": "O002",
            "marque": "LG",
            "reference": "OV262",
            "numero_serie": "SN82038",
            "date_arrivee": "2025-05-25",
            "statut": "En attente",
            "specifique": 181,
            "cellule": "H",
            "emplacement": 4,
            "position": "B"
        },
        {
            "identifiant": "O003",
            "marque": "Siemens",
            "reference": "OV936",
            "numero_serie": "SN62951",
            "date_arrivee": "2025-05-13",
            "statut": "Réparé",
            "specifique": 188,
            "cellule": "P",
            "emplacement": 1,
            "position": "A"
        },
        {
            "identifiant": "O004",
            "marque": "LG",
            "reference": "OV696",
            "numero_serie": "SN25316",
            "date_arrivee": "2025-05-13",
            "statut": "En attente",
            "specifique": 119,
            "cellule": "L",
            "emplacement": 1,
            "position": "B"
        },
        {
            "identifiant": "O005",
            "marque": "Beko",
            "reference": "OV402",
            "numero_serie": "SN42544",
            "date_arrivee": "2025-05-20",
            "statut": "A Nettoyer",
            "specifique": 196,
            "cellule": "Q",
            "emplacement": 6,
            "position": "A"
        },
        {
            "identifiant": "O006",
            "marque": "Beko",
            "reference": "OV584",
            "numero_serie": "SN77107",
            "date_arrivee": "2025-05-14",
            "statut": "En test",
            "specifique": 218,
            "cellule": "F",
            "emplacement": 9,
            "position": "B"
        },
        {
            "identifiant": "O007",
            "marque": "Bosch",
            "reference": "OV188",
            "numero_serie": "SN88857",
            "date_arrivee": "2025-05-20",
            "statut": "En test",
            "specifique": 246,
            "cellule": "M",
            "emplacement": 3,
            "position": "B"
        },
        {
            "identifiant": "O008",
            "marque": "Electrolux",
            "reference": "OV889",
            "numero_serie": "SN22125",
            "date_arrivee": "2025-04-30",
            "statut": "En test",
            "specifique": 116,
            "cellule": "N",
            "emplacement": 6,
            "position": "A"
        },
        {
            "identifiant": "O009",
            "marque": "Electrolux",
            "reference": "OV529",
            "numero_serie": "SN54570",
            "date_arrivee": "2025-05-11",
            "statut": "En attente",
            "specifique": 175,
            "cellule": "I",
            "emplacement": 2,
            "position": "A"
        },
        {
            "identifiant": "O010",
            "marque": "Candy",
            "reference": "OV359",
            "numero_serie": "SN44386",
            "date_arrivee": "2025-05-23",
            "statut": "En attente",
            "specifique": 174,
            "cellule": "C",
            "emplacement": 7,
            "position": "B"
        },
        {
            "identifiant": "O011",
            "marque": "Samsung",
            "reference": "OV579",
            "numero_serie": "SN64218",
            "date_arrivee": "2025-05-20",
            "statut": "En attente",
            "specifique": 121,
            "cellule": "P",
            "emplacement": 8,
            "position": "B"
        },
        {
            "identifiant": "O012",
            "marque": "Siemens",
            "reference": "OV459",
            "numero_serie": "SN76762",
            "date_arrivee": "2025-05-10",
            "statut": "A Nettoyer",
            "specifique": 140,
            "cellule": "E",
            "emplacement": 1,
            "position": "A"
        },
        {
            "identifiant": "O013",
            "marque": "Siemens",
            "reference": "OV985",
            "numero_serie": "SN94240",
            "date_arrivee": "2025-05-12",
            "statut": "A Nettoyer",
            "specifique": 142,
            "cellule": "R",
            "emplacement": 8,
            "position": "A"
        },
        {
            "identifiant": "O014",
            "marque": "Haier",
            "reference": "OV422",
            "numero_serie": "SN11763",
            "date_arrivee": "2025-05-11",
            "statut": "Réparé",
            "specifique": 182,
            "cellule": "P",
            "emplacement": 9,
            "position": "A"
        },
        {
            "identifiant": "O015",
            "marque": "Candy",
            "reference": "OV988",
            "numero_serie": "SN47469",
            "date_arrivee": "2025-05-25",
            "statut": "Prêt à livrer",
            "specifique": 129,
            "cellule": "I",
            "emplacement": 2,
            "position": "B"
        },
        {
            "identifiant": "O016",
            "marque": "Bosch",
            "reference": "OV931",
            "numero_serie": "SN90835",
            "date_arrivee": "2025-05-16",
            "statut": "En test",
            "specifique": 100,
            "cellule": "G",
            "emplacement": 7,
            "position": "B"
        },
        {
            "identifiant": "O017",
            "marque": "Indesit",
            "reference": "OV489",
            "numero_serie": "SN77846",
            "date_arrivee": "2025-05-11",
            "statut": "En test",
            "specifique": 111,
            "cellule": "J",
            "emplacement": 4,
            "position": "A"
        },
        {
            "identifiant": "O018",
            "marque": "Candy",
            "reference": "OV204",
            "numero_serie": "SN90953",
            "date_arrivee": "2025-05-13",
            "statut": "Prêt à livrer",
            "specifique": 125,
            "cellule": "A",
            "emplacement": 8,
            "position": "A"
        },
        {
            "identifiant": "O019",
            "marque": "Electrolux",
            "reference": "OV887",
            "numero_serie": "SN23375",
            "date_arrivee": "2025-04-30",
            "statut": "Réparé",
            "specifique": 191,
            "cellule": "M",
            "emplacement": 4,
            "position": "B"
        },
        {
            "identifiant": "O020",
            "marque": "Candy",
            "reference": "OV130",
            "numero_serie": "SN19915",
            "date_arrivee": "2025-05-23",
            "statut": "Réparé",
            "specifique": 203,
            "cellule": "O",
            "emplacement": 7,
            "position": "A"
        },
        {
            "identifiant": "O021",
            "marque": "Indesit",
            "reference": "OV238",
            "numero_serie": "SN36861",
            "date_arrivee": "2025-05-07",
            "statut": "En réparation",
            "specifique": 227,
            "cellule": "C",
            "emplacement": 4,
            "position": "B"
        },
        {
            "identifiant": "O022",
            "marque": "Beko",
            "reference": "OV276",
            "numero_serie": "SN73306",
            "date_arrivee": "2025-05-11",
            "statut": "Prêt à livrer",
            "specifique": 230,
            "cellule": "Q",
            "emplacement": 5,
            "position": "B"
        },
        {
            "identifiant": "O023",
            "marque": "Haier",
            "reference": "OV295",
            "numero_serie": "SN19234",
            "date_arrivee": "2025-05-23",
            "statut": "En test",
            "specifique": 206,
            "cellule": "F",
            "emplacement": 8,
            "position": "B"
        },
        {
            "identifiant": "O024",
            "marque": "Haier",
            "reference": "OV766",
            "numero_serie": "SN23191",
            "date_arrivee": "2025-05-25",
            "statut": "Prêt à livrer",
            "specifique": 113,
            "cellule": "O",
            "emplacement": 8,
            "position": "B"
        },
        {
            "identifiant": "O025",
            "marque": "Electrolux",
            "reference": "OV268",
            "numero_serie": "SN48042",
            "date_arrivee": "2025-05-22",
            "statut": "Prêt à livrer",
            "specifique": 235,
            "cellule": "G",
            "emplacement": 4,
            "position": "B"
        },
        {
            "identifiant": "O026",
            "marque": "Candy",
            "reference": "OV204",
            "numero_serie": "SN43377",
            "date_arrivee": "2025-05-18",
            "statut": "A Nettoyer",
            "specifique": 132,
            "cellule": "O",
            "emplacement": 2,
            "position": "A"
        },
        {
            "identifiant": "O027",
            "marque": "LG",
            "reference": "OV627",
            "numero_serie": "SN50041",
            "date_arrivee": "2025-05-12",
            "statut": "A Nettoyer",
            "specifique": 143,
            "cellule": "P",
            "emplacement": 4,
            "position": "A"
        },
        {
            "identifiant": "O028",
            "marque": "Indesit",
            "reference": "OV945",
            "numero_serie": "SN42172",
            "date_arrivee": "2025-05-20",
            "statut": "En test",
            "specifique": 133,
            "cellule": "A",
            "emplacement": 8,
            "position": "B"
        },
        {
            "identifiant": "O029",
            "marque": "Bosch",
            "reference": "OV261",
            "numero_serie": "SN99748",
            "date_arrivee": "2025-05-17",
            "statut": "En attente",
            "specifique": 142,
            "cellule": "M",
            "emplacement": 9,
            "position": "B"
        },
        {
            "identifiant": "O030",
            "marque": "LG",
            "reference": "OV936",
            "numero_serie": "SN67306",
            "date_arrivee": "2025-05-10",
            "statut": "En test",
            "specifique": 127,
            "cellule": "P",
            "emplacement": 4,
            "position": "B"
        },
        {
            "identifiant": "O031",
            "marque": "Bosch",
            "reference": "OV239",
            "numero_serie": "SN72644",
            "date_arrivee": "2025-05-18",
            "statut": "Réparé",
            "specifique": 149,
            "cellule": "K",
            "emplacement": 9,
            "position": "A"
        },
        {
            "identifiant": "O032",
            "marque": "Candy",
            "reference": "OV577",
            "numero_serie": "SN57166",
            "date_arrivee": "2025-05-18",
            "statut": "A Nettoyer",
            "specifique": 193,
            "cellule": "L",
            "emplacement": 3,
            "position": "A"
        },
        {
            "identifiant": "O033",
            "marque": "Whirlpool",
            "reference": "OV837",
            "numero_serie": "SN24107",
            "date_arrivee": "2025-05-21",
            "statut": "Réparé",
            "specifique": 226,
            "cellule": "C",
            "emplacement": 1,
            "position": "A"
        },
        {
            "identifiant": "O034",
            "marque": "Haier",
            "reference": "OV970",
            "numero_serie": "SN49642",
            "date_arrivee": "2025-05-13",
            "statut": "En réparation",
            "specifique": 171,
            "cellule": "J",
            "emplacement": 8,
            "position": "B"
        },
        {
            "identifiant": "O035",
            "marque": "Indesit",
            "reference": "OV585",
            "numero_serie": "SN98617",
            "date_arrivee": "2025-04-29",
            "statut": "Prêt à livrer",
            "specifique": 222,
            "cellule": "L",
            "emplacement": 2,
            "position": "B"
        },
        {
            "identifiant": "O036",
            "marque": "Electrolux",
            "reference": "OV379",
            "numero_serie": "SN89527",
            "date_arrivee": "2025-05-20",
            "statut": "Réparé",
            "specifique": 229,
            "cellule": "E",
            "emplacement": 7,
            "position": "B"
        },
        {
            "identifiant": "O037",
            "marque": "Candy",
            "reference": "OV237",
            "numero_serie": "SN40718",
            "date_arrivee": "2025-05-15",
            "statut": "En réparation",
            "specifique": 115,
            "cellule": "R",
            "emplacement": 6,
            "position": "B"
        },
        {
            "identifiant": "O038",
            "marque": "Electrolux",
            "reference": "OV559",
            "numero_serie": "SN59839",
            "date_arrivee": "2025-05-23",
            "statut": "En test",
            "specifique": 234,
            "cellule": "I",
            "emplacement": 3,
            "position": "B"
        },
        {
            "identifiant": "O039",
            "marque": "Whirlpool",
            "reference": "OV636",
            "numero_serie": "SN16515",
            "date_arrivee": "2025-05-23",
            "statut": "En attente",
            "specifique": 108,
            "cellule": "F",
            "emplacement": 1,
            "position": "A"
        },
        {
            "identifiant": "O040",
            "marque": "Whirlpool",
            "reference": "OV476",
            "numero_serie": "SN43826",
            "date_arrivee": "2025-05-19",
            "statut": "En attente",
            "specifique": 176,
            "cellule": "D",
            "emplacement": 2,
            "position": "A"
        }
    ],
    "lave_linge": [
        {
            "identifiant": "L001",
            "marque": "Electrolux",
            "reference": "WL876",
            "numero_serie": "SN66443",
            "date_arrivee": "2025-05-16",
            "statut": "Réparé",
            "specifique": 6.8,
            "cellule": "R",
            "emplacement": 3,
            "position": "A"
        },
        {
            "identifiant": "L002",
            "marque": "Samsung",
            "reference": "WL554",
            "numero_serie": "SN19922",
            "date_arrivee": "2025-05-17",
            "statut": "Prêt à livrer",
            "specifique": 9.7,
            "cellule": "P",
            "emplacement": 3,
            "position": "A"
        },
        {
            "identifiant": "L003",
            "marque": "Siemens",
            "reference": "WL382",
            "numero_serie": "SN67128",
            "date_arrivee": "2025-05-10",
            "statut": "Réparé",
            "specifique": 11.3,
            "cellule": "R",
            "emplacement": 7,
            "position": "B"
        },
        {
            "identifiant": "L004",
            "marque": "Samsung",
            "reference": "WL338",
            "numero_serie": "SN80983",
            "date_arrivee": "2025-05-09",
            "statut": "A Nettoyer",
            "specifique": 10.7,
            "cellule": "P",
            "emplacement": 5,
            "position": "A"
        },
        {
            "identifiant": "L005",
            "marque": "Indesit",
            "reference": "WL475",
            "numero_serie": "SN86021",
            "date_arrivee": "2025-05-02",
            "statut": "En attente",
            "specifique": 6.1,
            "cellule": "Q",
            "emplacement": 8,
            "position": "B"
        },
        {
            "identifiant": "L006",
            "marque": "Whirlpool",
            "reference": "WL334",
            "numero_serie": "SN33097",
            "date_arrivee": "2025-05-10",
            "statut": "Prêt à livrer",
            "specifique": 10.4,
            "cellule": "O",
            "emplacement": 3,
            "position": "A"
        },
        {
            "identifiant": "L007",
            "marque": "Bosch",
            "reference": "WL749",
            "numero_serie": "SN20820",
            "date_arrivee": "2025-04-28",
            "statut": "En test",
            "specifique": 8.7,
            "cellule": "O",
            "emplacement": 5,
            "position": "B"
        },
        {
            "identifiant": "L008",
            "marque": "Haier",
            "reference": "WL520",
            "numero_serie": "SN30224",
            "date_arrivee": "2025-05-05",
            "statut": "En attente",
            "specifique": 6.4,
            "cellule": "F",
            "emplacement": 3,
            "position": "A"
        },
        {
            "identifiant": "L009",
            "marque": "Candy",
            "reference": "WL623",
            "numero_serie": "SN99408",
            "date_arrivee": "2025-05-23",
            "statut": "En test",
            "specifique": 5.1,
            "cellule": "P",
            "emplacement": 5,
            "position": "B"
        },
        {
            "identifiant": "L010",
            "marque": "LG",
            "reference": "WL438",
            "numero_serie": "SN74617",
            "date_arrivee": "2025-05-02",
            "statut": "A Nettoyer",
            "specifique": 6.1,
            "cellule": "H",
            "emplacement": 2,
            "position": "B"
        },
        {
            "identifiant": "L011",
            "marque": "Whirlpool",
            "reference": "WL591",
            "numero_serie": "SN85194",
            "date_arrivee": "2025-05-13",
            "statut": "En attente",
            "specifique": 9.5,
            "cellule": "Q",
            "emplacement": 7,
            "position": "B"
        },
        {
            "identifiant": "L012",
            "marque": "Samsung",
            "reference": "WL557",
            "numero_serie": "SN33127",
            "date_arrivee": "2025-05-10",
            "statut": "En test",
            "specifique": 8.4,
            "cellule": "H",
            "emplacement": 9,
            "position": "A"
        },
        {
            "identifiant": "L013",
            "marque": "Bosch",
            "reference": "WL432",
            "numero_serie": "SN57240",
            "date_arrivee": "2025-04-27",
            "statut": "En réparation",
            "specifique": 8.8,
            "cellule": "C",
            "emplacement": 6,
            "position": "B"
        },
        {
            "identifiant": "L014",
            "marque": "Beko",
            "reference": "WL278",
            "numero_serie": "SN14778",
            "date_arrivee": "2025-04-27",
            "statut": "Réparé",
            "specifique": 10.6,
            "cellule": "G",
            "emplacement": 5,
            "position": "B"
        },
        {
            "identifiant": "L015",
            "marque": "Beko",
            "reference": "WL710",
            "numero_serie": "SN57079",
            "date_arrivee": "2025-05-23",
            "statut": "En réparation",
            "specifique": 6.8,
            "cellule": "H",
            "emplacement": 5,
            "position": "B"
        },
        {
            "identifiant": "L016",
            "marque": "Bosch",
            "reference": "WL641",
            "numero_serie": "SN31223",
            "date_arrivee": "2025-05-14",
            "statut": "En attente",
            "specifique": 5.9,
            "cellule": "J",
            "emplacement": 8,
            "position": "A"
        },
        {
            "identifiant": "L017",
            "marque": "Beko",
            "reference": "WL826",
            "numero_serie": "SN57853",
            "date_arrivee": "2025-04-28",
            "statut": "En attente",
            "specifique": 11.9,
            "cellule": "B",
            "emplacement": 5,
            "position": "B"
        },
        {
            "identifiant": "L018",
            "marque": "Siemens",
            "reference": "WL609",
            "numero_serie": "SN13157",
            "date_arrivee": "2025-04-29",
            "statut": "En test",
            "specifique": 10.5,
            "cellule": "J",
            "emplacement": 9,
            "position": "B"
        },
        {
            "identifiant": "L019",
            "marque": "Haier",
            "reference": "WL163",
            "numero_serie": "SN13160",
            "date_arrivee": "2025-05-17",
            "statut": "Prêt à livrer",
            "specifique": 10.1,
            "cellule": "H",
            "emplacement": 7,
            "position": "A"
        },
        {
            "identifiant": "L020",
            "marque": "Whirlpool",
            "reference": "WL964",
            "numero_serie": "SN60641",
            "date_arrivee": "2025-05-17",
            "statut": "Réparé",
            "specifique": 9.8,
            "cellule": "B",
            "emplacement": 9,
            "position": "B"
        },
        {
            "identifiant": "L021",
            "marque": "Candy",
            "reference": "WL914",
            "numero_serie": "SN32976",
            "date_arrivee": "2025-05-10",
            "statut": "En réparation",
            "specifique": 6.7,
            "cellule": "K",
            "emplacement": 4,
            "position": "A"
        },
        {
            "identifiant": "L022",
            "marque": "Samsung",
            "reference": "WL289",
            "numero_serie": "SN69093",
            "date_arrivee": "2025-05-03",
            "statut": "Prêt à livrer",
            "specifique": 5.2,
            "cellule": "J",
            "emplacement": 1,
            "position": "A"
        },
        {
            "identifiant": "L023",
            "marque": "Bosch",
            "reference": "WL298",
            "numero_serie": "SN55286",
            "date_arrivee": "2025-05-24",
            "statut": "En test",
            "specifique": 5.2,
            "cellule": "O",
            "emplacement": 1,
            "position": "A"
        },
        {
            "identifiant": "L024",
            "marque": "Samsung",
            "reference": "WL215",
            "numero_serie": "SN89939",
            "date_arrivee": "2025-04-28",
            "statut": "En réparation",
            "specifique": 10.9,
            "cellule": "J",
            "emplacement": 9,
            "position": "A"
        },
        {
            "identifiant": "L025",
            "marque": "Haier",
            "reference": "WL306",
            "numero_serie": "SN25066",
            "date_arrivee": "2025-05-08",
            "statut": "En test",
            "specifique": 9.9,
            "cellule": "Q",
            "emplacement": 3,
            "position": "A"
        },
        {
            "identifiant": "L026",
            "marque": "Bosch",
            "reference": "WL157",
            "numero_serie": "SN71560",
            "date_arrivee": "2025-05-13",
            "statut": "En réparation",
            "specifique": 8.7,
            "cellule": "D",
            "emplacement": 1,
            "position": "B"
        },
        {
            "identifiant": "L027",
            "marque": "Whirlpool",
            "reference": "WL845",
            "numero_serie": "SN70201",
            "date_arrivee": "2025-05-14",
            "statut": "A Nettoyer",
            "specifique": 6.7,
            "cellule": "J",
            "emplacement": 3,
            "position": "B"
        },
        {
            "identifiant": "L028",
            "marque": "Whirlpool",
            "reference": "WL709",
            "numero_serie": "SN96127",
            "date_arrivee": "2025-05-13",
            "statut": "Réparé",
            "specifique": 5.9,
            "cellule": "D",
            "emplacement": 4,
            "position": "B"
        },
        {
            "identifiant": "L029",
            "marque": "Whirlpool",
            "reference": "WL441",
            "numero_serie": "SN37192",
            "date_arrivee": "2025-05-19",
            "statut": "En test",
            "specifique": 6.0,
            "cellule": "C",
            "emplacement": 6,
            "position": "A"
        },
        {
            "identifiant": "L030",
            "marque": "Samsung",
            "reference": "WL953",
            "numero_serie": "SN31244",
            "date_arrivee": "2025-05-26",
            "statut": "A Nettoyer",
            "specifique": 6.4,
            "cellule": "A",
            "emplacement": 3,
            "position": "A"
        },
        {
            "identifiant": "L031",
            "marque": "Samsung",
            "reference": "WL191",
            "numero_serie": "SN20459",
            "date_arrivee": "2025-05-01",
            "statut": "En réparation",
            "specifique": 10.7,
            "cellule": "I",
            "emplacement": 7,
            "position": "A"
        },
        {
            "identifiant": "L032",
            "marque": "Siemens",
            "reference": "WL685",
            "numero_serie": "SN93193",
            "date_arrivee": "2025-04-28",
            "statut": "En test",
            "specifique": 9.2,
            "cellule": "C",
            "emplacement": 5,
            "position": "A"
        },
        {
            "identifiant": "L033",
            "marque": "Indesit",
            "reference": "WL139",
            "numero_serie": "SN55031",
            "date_arrivee": "2025-05-22",
            "statut": "Prêt à livrer",
            "specifique": 10.8,
            "cellule": "I",
            "emplacement": 3,
            "position": "A"
        },
        {
            "identifiant": "L034",
            "marque": "Bosch",
            "reference": "WL965",
            "numero_serie": "SN56926",
            "date_arrivee": "2025-05-02",
            "statut": "En réparation",
            "specifique": 10.8,
            "cellule": "L",
            "emplacement": 9,
            "position": "A"
        },
        {
            "identifiant": "L035",
            "marque": "Electrolux",
            "reference": "WL767",
            "numero_serie": "SN14253",
            "date_arrivee": "2025-05-01",
            "statut": "A Nettoyer",
            "specifique": 9.3,
            "cellule": "D",
            "emplacement": 3,
            "position": "B"
        },
        {
            "identifiant": "L036",
            "marque": "Indesit",
            "reference": "WL995",
            "numero_serie": "SN52512",
            "date_arrivee": "2025-05-25",
            "statut": "Réparé",
            "specifique": 11.1,
            "cellule": "D",
            "emplacement": 4,
            "position": "A"
        },
        {
            "identifiant": "L037",
            "marque": "Bosch",
            "reference": "WL433",
            "numero_serie": "SN73884",
            "date_arrivee": "2025-05-03",
            "statut": "En attente",
            "specifique": 5.3,
            "cellule": "Q",
            "emplacement": 1,
            "position": "B"
        },
        {
            "identifiant": "L038",
            "marque": "Bosch",
            "reference": "WL379",
            "numero_serie": "SN62891",
            "date_arrivee": "2025-05-22",
            "statut": "Réparé",
            "specifique": 11.6,
            "cellule": "O",
            "emplacement": 9,
            "position": "A"
        },
        {
            "identifiant": "L039",
            "marque": "Siemens",
            "reference": "WL522",
            "numero_serie": "SN66144",
            "date_arrivee": "2025-04-29",
            "statut": "Réparé",
            "specifique": 9.0,
            "cellule": "L",
            "emplacement": 3,
            "position": "B"
        },
        {
            "identifiant": "L040",
            "marque": "Indesit",
            "reference": "WL790",
            "numero_serie": "SN78983",
            "date_arrivee": "2025-05-16",
            "statut": "A Nettoyer",
            "specifique": 9.2,
            "cellule": "F",
            "emplacement": 9,
            "position": "A"
        }
    ],
    "lave_vaisselle": [
        {
            "identifiant": "LV001",
            "marque": "Samsung",
            "reference": "DW265",
            "numero_serie": "SN95243",
            "date_arrivee": "2025-05-04",
            "statut": "A Nettoyer",
            "specifique": 12,
            "cellule": "L",
            "emplacement": 6,
            "position": "B"
        },
        {
            "identifiant": "LV002",
            "marque": "Haier",
            "reference": "DW739",
            "numero_serie": "SN34143",
            "date_arrivee": "2025-04-27",
            "statut": "Prêt à livrer",
            "specifique": 10,
            "cellule": "M",
            "emplacement": 8,
            "position": "A"
        },
        {
            "identifiant": "LV003",
            "marque": "LG",
            "reference": "DW536",
            "numero_serie": "SN87848",
            "date_arrivee": "2025-04-27",
            "statut": "Prêt à livrer",
            "specifique": 12,
            "cellule": "F",
            "emplacement": 2,
            "position": "A"
        },
        {
            "identifiant": "LV004",
            "marque": "Siemens",
            "reference": "DW622",
            "numero_serie": "SN11548",
            "date_arrivee": "2025-05-09",
            "statut": "En réparation",
            "specifique": 11,
            "cellule": "C",
            "emplacement": 1,
            "position": "B"
        },
        {
            "identifiant": "LV005",
            "marque": "Samsung",
            "reference": "DW564",
            "numero_serie": "SN92761",
            "date_arrivee": "2025-04-28",
            "statut": "En test",
            "specifique": 9,
            "cellule": "L",
            "emplacement": 4,
            "position": "A"
        },
        {
            "identifiant": "LV006",
            "marque": "Beko",
            "reference": "DW700",
            "numero_serie": "SN53758",
            "date_arrivee": "2025-05-26",
            "statut": "En attente",
            "specifique": 10,
            "cellule": "A",
            "emplacement": 9,
            "position": "B"
        },
        {
            "identifiant": "LV007",
            "marque": "Bosch",
            "reference": "DW153",
            "numero_serie": "SN99741",
            "date_arrivee": "2025-05-02",
            "statut": "En test",
            "specifique": 16,
            "cellule": "F",
            "emplacement": 6,
            "position": "A"
        },
        {
            "identifiant": "LV008",
            "marque": "Indesit",
            "reference": "DW685",
            "numero_serie": "SN75803",
            "date_arrivee": "2025-05-10",
            "statut": "Réparé",
            "specifique": 12,
            "cellule": "P",
            "emplacement": 6,
            "position": "A"
        },
        {
            "identifiant": "LV009",
            "marque": "Haier",
            "reference": "DW889",
            "numero_serie": "SN83513",
            "date_arrivee": "2025-04-27",
            "statut": "En test",
            "specifique": 12,
            "cellule": "M",
            "emplacement": 2,
            "position": "A"
        },
        {
            "identifiant": "LV010",
            "marque": "Samsung",
            "reference": "DW863",
            "numero_serie": "SN11720",
            "date_arrivee": "2025-05-02",
            "statut": "En réparation",
            "specifique": 10,
            "cellule": "Q",
            "emplacement": 2,
            "position": "B"
        },
        {
            "identifiant": "LV011",
            "marque": "Electrolux",
            "reference": "DW404",
            "numero_serie": "SN68099",
            "date_arrivee": "2025-05-08",
            "statut": "En réparation",
            "specifique": 10,
            "cellule": "F",
            "emplacement": 5,
            "position": "A"
        },
        {
            "identifiant": "LV012",
            "marque": "Indesit",
            "reference": "DW426",
            "numero_serie": "SN30897",
            "date_arrivee": "2025-05-23",
            "statut": "Prêt à livrer",
            "specifique": 9,
            "cellule": "E",
            "emplacement": 1,
            "position": "B"
        },
        {
            "identifiant": "LV013",
            "marque": "Indesit",
            "reference": "DW858",
            "numero_serie": "SN67761",
            "date_arrivee": "2025-05-25",
            "statut": "Réparé",
            "specifique": 12,
            "cellule": "R",
            "emplacement": 3,
            "position": "B"
        },
        {
            "identifiant": "LV014",
            "marque": "LG",
            "reference": "DW115",
            "numero_serie": "SN40054",
            "date_arrivee": "2025-04-27",
            "statut": "En test",
            "specifique": 15,
            "cellule": "Q",
            "emplacement": 5,
            "position": "A"
        },
        {
            "identifiant": "LV015",
            "marque": "Whirlpool",
            "reference": "DW503",
            "numero_serie": "SN98305",
            "date_arrivee": "2025-05-18",
            "statut": "En réparation",
            "specifique": 16,
            "cellule": "J",
            "emplacement": 7,
            "position": "B"
        },
        {
            "identifiant": "LV016",
            "marque": "Samsung",
            "reference": "DW388",
            "numero_serie": "SN68422",
            "date_arrivee": "2025-05-01",
            "statut": "Réparé",
            "specifique": 10,
            "cellule": "Q",
            "emplacement": 1,
            "position": "A"
        },
        {
            "identifiant": "LV017",
            "marque": "Candy",
            "reference": "DW691",
            "numero_serie": "SN98882",
            "date_arrivee": "2025-05-24",
            "statut": "En réparation",
            "specifique": 12,
            "cellule": "C",
            "emplacement": 9,
            "position": "B"
        },
        {
            "identifiant": "LV018",
            "marque": "Candy",
            "reference": "DW160",
            "numero_serie": "SN73775",
            "date_arrivee": "2025-05-10",
            "statut": "En réparation",
            "specifique": 14,
            "cellule": "D",
            "emplacement": 8,
            "position": "B"
        },
        {
            "identifiant": "LV019",
            "marque": "Haier",
            "reference": "DW998",
            "numero_serie": "SN60233",
            "date_arrivee": "2025-05-06",
            "statut": "Prêt à livrer",
            "specifique": 16,
            "cellule": "N",
            "emplacement": 7,
            "position": "A"
        },
        {
            "identifiant": "LV020",
            "marque": "Bosch",
            "reference": "DW913",
            "numero_serie": "SN44638",
            "date_arrivee": "2025-05-07",
            "statut": "A Nettoyer",
            "specifique": 15,
            "cellule": "J",
            "emplacement": 1,
            "position": "B"
        },
        {
            "identifiant": "LV021",
            "marque": "Beko",
            "reference": "DW463",
            "numero_serie": "SN18505",
            "date_arrivee": "2025-05-01",
            "statut": "En test",
            "specifique": 11,
            "cellule": "L",
            "emplacement": 7,
            "position": "B"
        },
        {
            "identifiant": "LV022",
            "marque": "LG",
            "reference": "DW102",
            "numero_serie": "SN57847",
            "date_arrivee": "2025-05-01",
            "statut": "Réparé",
            "specifique": 9,
            "cellule": "D",
            "emplacement": 7,
            "position": "A"
        },
        {
            "identifiant": "LV023",
            "marque": "Bosch",
            "reference": "DW320",
            "numero_serie": "SN93673",
            "date_arrivee": "2025-05-21",
            "statut": "En réparation",
            "specifique": 12,
            "cellule": "B",
            "emplacement": 8,
            "position": "B"
        },
        {
            "identifiant": "LV024",
            "marque": "Siemens",
            "reference": "DW264",
            "numero_serie": "SN20127",
            "date_arrivee": "2025-05-26",
            "statut": "Prêt à livrer",
            "specifique": 12,
            "cellule": "O",
            "emplacement": 4,
            "position": "B"
        },
        {
            "identifiant": "LV025",
            "marque": "Bosch",
            "reference": "DW542",
            "numero_serie": "SN92882",
            "date_arrivee": "2025-05-20",
            "statut": "Prêt à livrer",
            "specifique": 12,
            "cellule": "I",
            "emplacement": 9,
            "position": "B"
        },
        {
            "identifiant": "LV026",
            "marque": "Candy",
            "reference": "DW485",
            "numero_serie": "SN73969",
            "date_arrivee": "2025-05-22",
            "statut": "Prêt à livrer",
            "specifique": 9,
            "cellule": "G",
            "emplacement": 2,
            "position": "A"
        },
        {
            "identifiant": "LV027",
            "marque": "Siemens",
            "reference": "DW695",
            "numero_serie": "SN78056",
            "date_arrivee": "2025-04-27",
            "statut": "En attente",
            "specifique": 15,
            "cellule": "J",
            "emplacement": 6,
            "position": "A"
        },
        {
            "identifiant": "LV028",
            "marque": "Bosch",
            "reference": "DW898",
            "numero_serie": "SN66895",
            "date_arrivee": "2025-05-09",
            "statut": "A Nettoyer",
            "specifique": 15,
            "cellule": "D",
            "emplacement": 7,
            "position": "B"
        },
        {
            "identifiant": "LV029",
            "marque": "Haier",
            "reference": "DW820",
            "numero_serie": "SN17665",
            "date_arrivee": "2025-05-22",
            "statut": "A Nettoyer",
            "specifique": 10,
            "cellule": "J",
            "emplacement": 4,
            "position": "B"
        },
        {
            "identifiant": "LV030",
            "marque": "Indesit",
            "reference": "DW609",
            "numero_serie": "SN60418",
            "date_arrivee": "2025-05-11",
            "statut": "En réparation",
            "specifique": 13,
            "cellule": "M",
            "emplacement": 3,
            "position": "A"
        },
        {
            "identifiant": "LV031",
            "marque": "Haier",
            "reference": "DW338",
            "numero_serie": "SN79541",
            "date_arrivee": "2025-05-03",
            "statut": "Prêt à livrer",
            "specifique": 13,
            "cellule": "J",
            "emplacement": 5,
            "position": "A"
        },
        {
            "identifiant": "LV032",
            "marque": "Indesit",
            "reference": "DW933",
            "numero_serie": "SN73971",
            "date_arrivee": "2025-05-03",
            "statut": "Réparé",
            "specifique": 16,
            "cellule": "R",
            "emplacement": 4,
            "position": "A"
        },
        {
            "identifiant": "LV033",
            "marque": "Indesit",
            "reference": "DW964",
            "numero_serie": "SN70844",
            "date_arrivee": "2025-05-20",
            "statut": "En réparation",
            "specifique": 14,
            "cellule": "J",
            "emplacement": 7,
            "position": "A"
        },
        {
            "identifiant": "LV034",
            "marque": "Beko",
            "reference": "DW288",
            "numero_serie": "SN52332",
            "date_arrivee": "2025-05-04",
            "statut": "En attente",
            "specifique": 12,
            "cellule": "L",
            "emplacement": 1,
            "position": "A"
        },
        {
            "identifiant": "LV035",
            "marque": "Haier",
            "reference": "DW618",
            "numero_serie": "SN79756",
            "date_arrivee": "2025-04-29",
            "statut": "Réparé",
            "specifique": 10,
            "cellule": "A",
            "emplacement": 1,
            "position": "A"
        },
        {
            "identifiant": "LV036",
            "marque": "Candy",
            "reference": "DW643",
            "numero_serie": "SN16489",
            "date_arrivee": "2025-05-19",
            "statut": "En attente",
            "specifique": 15,
            "cellule": "G",
            "emplacement": 8,
            "position": "B"
        },
        {
            "identifiant": "LV037",
            "marque": "Indesit",
            "reference": "DW982",
            "numero_serie": "SN65306",
            "date_arrivee": "2025-05-06",
            "statut": "Prêt à livrer",
            "specifique": 8,
            "cellule": "C",
            "emplacement": 8,
            "position": "A"
        },
        {
            "identifiant": "LV038",
            "marque": "Haier",
            "reference": "DW764",
            "numero_serie": "SN90430",
            "date_arrivee": "2025-05-18",
            "statut": "En réparation",
            "specifique": 13,
            "cellule": "H",
            "emplacement": 9,
            "position": "B"
        },
        {
            "identifiant": "LV039",
            "marque": "LG",
            "reference": "DW304",
            "numero_serie": "SN29823",
            "date_arrivee": "2025-05-26",
            "statut": "A Nettoyer",
            "specifique": 13,
            "cellule": "M",
            "emplacement": 7,
            "position": "A"
        },
        {
            "identifiant": "LV040",
            "marque": "Bosch",
            "reference": "DW430",
            "numero_serie": "SN51088",
            "date_arrivee": "2025-05-18",
            "statut": "En test",
            "specifique": 9,
            "cellule": "D",
            "emplacement": 9,
            "position": "B"
        }
    ],
    "lave_linge_sechant": [
        {
            "identifiant": "LS001",
            "marque": "Bosch",
            "reference": "WD145",
            "numero_serie": "SN45033",
            "date_arrivee": "2025-05-05",
            "statut": "Prêt à livrer",
            "specifique": 9.4,
            "capacite_sechage": 6.9,
            "cellule": "H",
            "emplacement": 1,
            "position": "A"
        },
        {
            "identifiant": "LS002",
            "marque": "Whirlpool",
            "reference": "WD719",
            "numero_serie": "SN63553",
            "date_arrivee": "2025-05-06",
            "statut": "En test",
            "specifique": 7.9,
            "capacite_sechage": 4.6,
            "cellule": "N",
            "emplacement": 1,
            "position": "A"
        },
        {
            "identifiant": "LS003",
            "marque": "Samsung",
            "reference": "WD593",
            "numero_serie": "SN13556",
            "date_arrivee": "2025-05-24",
            "statut": "Prêt à livrer",
            "specifique": 9.5,
            "capacite_sechage": 5.4,
            "cellule": "K",
            "emplacement": 3,
            "position": "B"
        },
        {
            "identifiant": "LS004",
            "marque": "Siemens",
            "reference": "WD654",
            "numero_serie": "SN96259",
            "date_arrivee": "2025-05-23",
            "statut": "A Nettoyer",
            "specifique": 9.2,
            "capacite_sechage": 4.7,
            "cellule": "F",
            "emplacement": 4,
            "position": "A"
        },
        {
            "identifiant": "LS005",
            "marque": "Candy",
            "reference": "WD358",
            "numero_serie": "SN73551",
            "date_arrivee": "2025-04-29",
            "statut": "Réparé",
            "specifique": 7.6,
            "capacite_sechage": 4.2,
            "cellule": "D",
            "emplacement": 9,
            "position": "A"
        },
        {
            "identifiant": "LS006",
            "marque": "Candy",
            "reference": "WD467",
            "numero_serie": "SN60691",
            "date_arrivee": "2025-05-12",
            "statut": "Prêt à livrer",
            "specifique": 8.5,
            "capacite_sechage": 5.6,
            "cellule": "H",
            "emplacement": 3,
            "position": "B"
        },
        {
            "identifiant": "LS007",
            "marque": "Indesit",
            "reference": "WD441",
            "numero_serie": "SN70678",
            "date_arrivee": "2025-05-20",
            "statut": "En attente",
            "specifique": 8.9,
            "capacite_sechage": 5.4,
            "cellule": "P",
            "emplacement": 8,
            "position": "A"
        },
        {
            "identifiant": "LS008",
            "marque": "Samsung",
            "reference": "WD672",
            "numero_serie": "SN51312",
            "date_arrivee": "2025-05-19",
            "statut": "En réparation",
            "specifique": 7.4,
            "capacite_sechage": 5.7,
            "cellule": "M",
            "emplacement": 9,
            "position": "A"
        },
        {
            "identifiant": "LS009",
            "marque": "LG",
            "reference": "WD204",
            "numero_serie": "SN26076",
            "date_arrivee": "2025-05-17",
            "statut": "Prêt à livrer",
            "specifique": 9.7,
            "capacite_sechage": 6.8,
            "cellule": "O",
            "emplacement": 8,
            "position": "A"
        },
        {
            "identifiant": "LS010",
            "marque": "Haier",
            "reference": "WD846",
            "numero_serie": "SN43628",
            "date_arrivee": "2025-05-07",
            "statut": "En attente",
            "specifique": 7.1,
            "capacite_sechage": 5.2,
            "cellule": "D",
            "emplacement": 5,
            "position": "B"
        },
        {
            "identifiant": "LS011",
            "marque": "Electrolux",
            "reference": "WD782",
            "numero_serie": "SN17343",
            "date_arrivee": "2025-05-26",
            "statut": "Prêt à livrer",
            "specifique": 8.1,
            "capacite_sechage": 6.9,
            "cellule": "F",
            "emplacement": 1,
            "position": "B"
        },
        {
            "identifiant": "LS012",
            "marque": "Haier",
            "reference": "WD169",
            "numero_serie": "SN91504",
            "date_arrivee": "2025-05-24",
            "statut": "Réparé",
            "specifique": 8.3,
            "capacite_sechage": 5.8,
            "cellule": "B",
            "emplacement": 2,
            "position": "A"
        },
        {
            "identifiant": "LS013",
            "marque": "Haier",
            "reference": "WD397",
            "numero_serie": "SN55941",
            "date_arrivee": "2025-05-14",
            "statut": "En réparation",
            "specifique": 7.2,
            "capacite_sechage": 7.6,
            "cellule": "R",
            "emplacement": 8,
            "position": "B"
        },
        {
            "identifiant": "LS014",
            "marque": "Haier",
            "reference": "WD198",
            "numero_serie": "SN42860",
            "date_arrivee": "2025-05-04",
            "statut": "En attente",
            "specifique": 8.0,
            "capacite_sechage": 6.9,
            "cellule": "D",
            "emplacement": 6,
            "position": "B"
        },
        {
            "identifiant": "LS015",
            "marque": "Electrolux",
            "reference": "WD254",
            "numero_serie": "SN42558",
            "date_arrivee": "2025-05-04",
            "statut": "En attente",
            "specifique": 9.2,
            "capacite_sechage": 5.7,
            "cellule": "J",
            "emplacement": 2,
            "position": "A"
        },
        {
            "identifiant": "LS016",
            "marque": "Haier",
            "reference": "WD736",
            "numero_serie": "SN40485",
            "date_arrivee": "2025-05-04",
            "statut": "En réparation",
            "specifique": 7.7,
            "capacite_sechage": 7.8,
            "cellule": "E",
            "emplacement": 4,
            "position": "B"
        },
        {
            "identifiant": "LS017",
            "marque": "Indesit",
            "reference": "WD480",
            "numero_serie": "SN48616",
            "date_arrivee": "2025-05-12",
            "statut": "Réparé",
            "specifique": 9.4,
            "capacite_sechage": 6.4,
            "cellule": "G",
            "emplacement": 1,
            "position": "A"
        },
        {
            "identifiant": "LS018",
            "marque": "Bosch",
            "reference": "WD370",
            "numero_serie": "SN10565",
            "date_arrivee": "2025-05-10",
            "statut": "En attente",
            "specifique": 9.2,
            "capacite_sechage": 4.5,
            "cellule": "R",
            "emplacement": 2,
            "position": "A"
        },
        {
            "identifiant": "LS019",
            "marque": "Whirlpool",
            "reference": "WD352",
            "numero_serie": "SN53217",
            "date_arrivee": "2025-05-21",
            "statut": "A Nettoyer",
            "specifique": 7.8,
            "capacite_sechage": 7.1,
            "cellule": "D",
            "emplacement": 3,
            "position": "A"
        },
        {
            "identifiant": "LS020",
            "marque": "Siemens",
            "reference": "WD956",
            "numero_serie": "SN12838",
            "date_arrivee": "2025-04-29",
            "statut": "En réparation",
            "specifique": 8.6,
            "capacite_sechage": 4.1,
            "cellule": "E",
            "emplacement": 6,
            "position": "B"
        },
        {
            "identifiant": "LS021",
            "marque": "Indesit",
            "reference": "WD123",
            "numero_serie": "SN59396",
            "date_arrivee": "2025-04-28",
            "statut": "Réparé",
            "specifique": 8.6,
            "capacite_sechage": 5.2,
            "cellule": "H",
            "emplacement": 2,
            "position": "A"
        },
        {
            "identifiant": "LS022",
            "marque": "Electrolux",
            "reference": "WD307",
            "numero_serie": "SN48109",
            "date_arrivee": "2025-04-27",
            "statut": "Réparé",
            "specifique": 9.5,
            "capacite_sechage": 7.2,
            "cellule": "P",
            "emplacement": 9,
            "position": "B"
        },
        {
            "identifiant": "LS023",
            "marque": "Electrolux",
            "reference": "WD777",
            "numero_serie": "SN46522",
            "date_arrivee": "2025-05-23",
            "statut": "Réparé",
            "specifique": 7.8,
            "capacite_sechage": 4.3,
            "cellule": "L",
            "emplacement": 7,
            "position": "A"
        },
        {
            "identifiant": "LS024",
            "marque": "Whirlpool",
            "reference": "WD671",
            "numero_serie": "SN74732",
            "date_arrivee": "2025-05-20",
            "statut": "Réparé",
            "specifique": 9.7,
            "capacite_sechage": 6.2,
            "cellule": "F",
            "emplacement": 5,
            "position": "B"
        },
        {
            "identifiant": "LS025",
            "marque": "Bosch",
            "reference": "WD844",
            "numero_serie": "SN78753",
            "date_arrivee": "2025-05-11",
            "statut": "Prêt à livrer",
            "specifique": 7.1,
            "capacite_sechage": 5.3,
            "cellule": "H",
            "emplacement": 1,
            "position": "B"
        },
        {
            "identifiant": "LS026",
            "marque": "Siemens",
            "reference": "WD834",
            "numero_serie": "SN61617",
            "date_arrivee": "2025-05-19",
            "statut": "Réparé",
            "specifique": 7.5,
            "capacite_sechage": 4.9,
            "cellule": "A",
            "emplacement": 5,
            "position": "B"
        },
        {
            "identifiant": "LS027",
            "marque": "Whirlpool",
            "reference": "WD652",
            "numero_serie": "SN10313",
            "date_arrivee": "2025-05-10",
            "statut": "En réparation",
            "specifique": 8.7,
            "capacite_sechage": 7.0,
            "cellule": "B",
            "emplacement": 4,
            "position": "A"
        },
        {
            "identifiant": "LS028",
            "marque": "Candy",
            "reference": "WD929",
            "numero_serie": "SN54812",
            "date_arrivee": "2025-05-25",
            "statut": "Prêt à livrer",
            "specifique": 7.5,
            "capacite_sechage": 5.3,
            "cellule": "R",
            "emplacement": 1,
            "position": "A"
        },
        {
            "identifiant": "LS029",
            "marque": "LG",
            "reference": "WD393",
            "numero_serie": "SN64033",
            "date_arrivee": "2025-04-28",
            "statut": "En réparation",
            "specifique": 8.2,
            "capacite_sechage": 6.0,
            "cellule": "B",
            "emplacement": 6,
            "position": "A"
        },
        {
            "identifiant": "LS030",
            "marque": "Haier",
            "reference": "WD783",
            "numero_serie": "SN87959",
            "date_arrivee": "2025-05-06",
            "statut": "A Nettoyer",
            "specifique": 7.8,
            "capacite_sechage": 4.7,
            "cellule": "N",
            "emplacement": 1,
            "position": "B"
        },
        {
            "identifiant": "LS031",
            "marque": "Beko",
            "reference": "WD316",
            "numero_serie": "SN16354",
            "date_arrivee": "2025-05-21",
            "statut": "En attente",
            "specifique": 7.2,
            "capacite_sechage": 6.1,
            "cellule": "B",
            "emplacement": 7,
            "position": "A"
        },
        {
            "identifiant": "LS032",
            "marque": "Haier",
            "reference": "WD510",
            "numero_serie": "SN24915",
            "date_arrivee": "2025-05-25",
            "statut": "En attente",
            "specifique": 9.4,
            "capacite_sechage": 7.9,
            "cellule": "N",
            "emplacement": 9,
            "position": "B"
        },
        {
            "identifiant": "LS033",
            "marque": "Candy",
            "reference": "WD327",
            "numero_serie": "SN39734",
            "date_arrivee": "2025-05-24",
            "statut": "En attente",
            "specifique": 9.5,
            "capacite_sechage": 7.4,
            "cellule": "A",
            "emplacement": 6,
            "position": "A"
        },
        {
            "identifiant": "LS034",
            "marque": "Beko",
            "reference": "WD820",
            "numero_serie": "SN61595",
            "date_arrivee": "2025-05-24",
            "statut": "Prêt à livrer",
            "specifique": 7.3,
            "capacite_sechage": 5.4,
            "cellule": "M",
            "emplacement": 7,
            "position": "B"
        },
        {
            "identifiant": "LS035",
            "marque": "Indesit",
            "reference": "WD125",
            "numero_serie": "SN70773",
            "date_arrivee": "2025-05-06",
            "statut": "A Nettoyer",
            "specifique": 9.7,
            "capacite_sechage": 5.5,
            "cellule": "F",
            "emplacement": 2,
            "position": "B"
        },
        {
            "identifiant": "LS036",
            "marque": "Bosch",
            "reference": "WD105",
            "numero_serie": "SN12197",
            "date_arrivee": "2025-05-17",
            "statut": "Prêt à livrer",
            "specifique": 9.2,
            "capacite_sechage": 7.5,
            "cellule": "L",
            "emplacement": 6,
            "position": "A"
        },
        {
            "identifiant": "LS037",
            "marque": "Siemens",
            "reference": "WD235",
            "numero_serie": "SN91316",
            "date_arrivee": "2025-05-01",
            "statut": "En attente",
            "specifique": 8.7,
            "capacite_sechage": 4.6,
            "cellule": "D",
            "emplacement": 8,
            "position": "A"
        },
        {
            "identifiant": "LS038",
            "marque": "Siemens",
            "reference": "WD682",
            "numero_serie": "SN88058",
            "date_arrivee": "2025-05-13",
            "statut": "En test",
            "specifique": 8.3,
            "capacite_sechage": 4.4,
            "cellule": "N",
            "emplacement": 9,
            "position": "A"
        },
        {
            "identifiant": "LS039",
            "marque": "LG",
            "reference": "WD977",
            "numero_serie": "SN88234",
            "date_arrivee": "2025-04-30",
            "statut": "En réparation",
            "specifique": 9.9,
            "capacite_sechage": 7.9,
            "cellule": "O",
            "emplacement": 9,
            "position": "B"
        },
        {
            "identifiant": "LS040",
            "marque": "Whirlpool",
            "reference": "WD906",
            "numero_serie": "SN71253",
            "date_arrivee": "2025-05-08",
            "statut": "En test",
            "specifique": 8.9,
            "capacite_sechage": 4.5,
            "cellule": "D",
            "emplacement": 5,
            "position": "A"
        }
    ]
}